product_category_name,year,month,total_sales
beleza_saude,2016,9,269.94
moveis_decoracao,2016,9,105.78999999999999
telefonia,2016,9,59.5
moveis_decoracao,2016,10,7264.470000000001
perfumaria,2016,10,6073.300000000001
beleza_saude,2016,10,4832.1
brinquedos,2016,10,4779.98
consoles_games,2016,10,3882.2600000000007
relogios_presentes,2016,10,3360.2400000000002
esporte_lazer,2016,10,3333.64
climatizacao,2016,10,2935.29
market_place,2016,10,2652.59
automotivo,2016,10,2028.25
bebes,2016,10,1829.9500000000003
utilidades_domesticas,2016,10,1816.67
informatica_acessorios,2016,10,1627.3200000000002
ferramentas_jardim,2016,10,1359.88
eletronicos,2016,10,1306.99
moveis_escritorio,2016,10,1300.88
cool_stuff,2016,10,1111.0
cama_mesa_banho,2016,10,757.77
telefonia_fixa,2016,10,704.88
pet_shop,2016,10,689.6800000000001
telefonia,2016,10,539.98
fashion_bolsas_e_acessorios,2016,10,533.2
industria_comercio_e_negocios,2016,10,449.50000000000006
livros_tecnicos,2016,10,267.0
audio,2016,10,156.99
fraldas_higiene,2016,10,134.9
livros_interesse_geral,2016,10,119.5
alimentos,2016,10,79.9
,2016,10,65.89
fashion_roupa_feminina,2016,10,54.9
fashion_calcados,2016,10,29.99
fashion_roupa_masculina,2016,10,24.9
fashion_bolsas_e_acessorios,2016,12,10.9
moveis_decoracao,2017,1,18484.339999999982
ferramentas_jardim,2017,1,13975.43
beleza_saude,2017,1,12745.019999999995
esporte_lazer,2017,1,12124.039999999997
cool_stuff,2017,1,9049.009999999998
relogios_presentes,2017,1,8086.52
bebes,2017,1,6816.67
automotivo,2017,1,6695.83
consoles_games,2017,1,6117.1900000000005
perfumaria,2017,1,5360.500000000002
informatica_acessorios,2017,1,4872.2300000000005
brinquedos,2017,1,4814.090000000001
cama_mesa_banho,2017,1,4359.260000000001
utilidades_domesticas,2017,1,3347.77
telefonia,2017,1,3140.23
papelaria,2017,1,2835.75
pcs,2017,1,2199.99
eletrodomesticos_2,2017,1,2142.67
moveis_escritorio,2017,1,1946.15
fashion_bolsas_e_acessorios,2017,1,1901.47
,2017,1,1741.1699999999998
eletroportateis,2017,1,1660.79
moveis_sala,2017,1,1449.88
pet_shop,2017,1,1146.61
climatizacao,2017,1,813.6
telefonia_fixa,2017,1,744.1000000000001
eletronicos,2017,1,617.0
malas_acessorios,2017,1,547.4000000000001
market_place,2017,1,447.03999999999996
instrumentos_musicais,2017,1,339.74
construcao_ferramentas_construcao,2017,1,310.0
livros_interesse_geral,2017,1,234.89
seguros_e_servicos,2017,1,183.29
fashion_underwear_e_moda_praia,2017,1,137.25
fashion_roupa_masculina,2017,1,126.9
moveis_cozinha_area_de_servico_jantar_e_jardim,2017,1,110.0
agro_industria_e_comercio,2017,1,87.96
fashion_roupa_feminina,2017,1,77.3
moveis_quarto,2017,1,73.2
casa_conforto_2,2017,1,72.8
dvds_blu_ray,2017,1,44.7
alimentos,2017,1,42.82
fashion_calcados,2017,1,34.9
musica,2017,1,19.8
moveis_decoracao,2017,2,24352.34999999997
beleza_saude,2017,2,23830.41999999998
cama_mesa_banho,2017,2,19211.089999999982
esporte_lazer,2017,2,17770.74999999999
ferramentas_jardim,2017,2,14643.41
automotivo,2017,2,14617.159999999996
utilidades_domesticas,2017,2,13803.969999999988
moveis_escritorio,2017,2,13579.249999999996
cool_stuff,2017,2,13388.499999999996
informatica_acessorios,2017,2,12578.91
relogios_presentes,2017,2,11918.169999999998
brinquedos,2017,2,9874.679999999997
,2017,2,9217.4
perfumaria,2017,2,8246.98
telefonia,2017,2,8134.589999999995
eletroportateis,2017,2,7579.459999999999
moveis_sala,2017,2,6061.45
consoles_games,2017,2,4294.77
pet_shop,2017,2,3999.0699999999993
pcs,2017,2,3549.0
bebes,2017,2,3218.2800000000007
climatizacao,2017,2,3095.3
fashion_bolsas_e_acessorios,2017,2,2573.61
instrumentos_musicais,2017,2,2390.58
papelaria,2017,2,2341.4000000000005
market_place,2017,2,1980.2000000000003
malas_acessorios,2017,2,1824.0800000000006
eletronicos,2017,2,1465.55
telefonia_fixa,2017,2,1159.13
casa_construcao,2017,2,882.5
construcao_ferramentas_jardim,2017,2,869.97
tablets_impressao_imagem,2017,2,792.0
livros_interesse_geral,2017,2,772.7099999999999
eletrodomesticos,2017,2,740.9
alimentos,2017,2,715.6300000000001
fashion_roupa_masculina,2017,2,642.85
fashion_underwear_e_moda_praia,2017,2,494.96000000000004
fashion_roupa_feminina,2017,2,457.8
moveis_quarto,2017,2,450.0
casa_conforto,2017,2,414.65999999999997
construcao_ferramentas_seguranca,2017,2,379.0
construcao_ferramentas_construcao,2017,2,336.79
agro_industria_e_comercio,2017,2,224.84000000000003
audio,2017,2,163.8
livros_tecnicos,2017,2,159.0
fashion_calcados,2017,2,141.95
moveis_cozinha_area_de_servico_jantar_e_jardim,2017,2,139.9
industria_comercio_e_negocios,2017,2,119.0
livros_importados,2017,2,99.0
cine_foto,2017,2,59.0
eletrodomesticos_2,2017,2,15.99
dvds_blu_ray,2017,2,14.9
informatica_acessorios,2017,3,31955.90999999998
cama_mesa_banho,2017,3,30313.619999999984
esporte_lazer,2017,3,29433.30999999998
ferramentas_jardim,2017,3,27824.5
moveis_decoracao,2017,3,27767.98999999997
relogios_presentes,2017,3,27290.380000000005
beleza_saude,2017,3,27022.939999999988
cool_stuff,2017,3,21488.309999999983
perfumaria,2017,3,20001.109999999982
utilidades_domesticas,2017,3,16339.039999999979
automotivo,2017,3,16076.70999999999
moveis_escritorio,2017,3,15498.069999999992
brinquedos,2017,3,12677.34999999999
eletroportateis,2017,3,11171.06
consoles_games,2017,3,10810.119999999999
pet_shop,2017,3,9307.959999999997
telefonia,2017,3,8582.659999999987
,2017,3,7656.35
malas_acessorios,2017,3,6123.710000000001
papelaria,2017,3,5902.620000000001
fashion_bolsas_e_acessorios,2017,3,5322.200000000001
moveis_sala,2017,3,4987.5199999999995
eletronicos,2017,3,4500.400000000001
climatizacao,2017,3,4163.710000000001
bebes,2017,3,3735.0700000000006
livros_interesse_geral,2017,3,3632.8599999999997
alimentos,2017,3,2880.95
telefonia_fixa,2017,3,2636.26
casa_conforto,2017,3,2412.3
dvds_blu_ray,2017,3,1888.6
market_place,2017,3,1808.5900000000001
instrumentos_musicais,2017,3,1748.0299999999997
fashion_calcados,2017,3,1575.7999999999997
audio,2017,3,1213.77
casa_construcao,2017,3,819.6600000000001
construcao_ferramentas_construcao,2017,3,773.4
fashion_roupa_masculina,2017,3,648.7
bebidas,2017,3,568.86
eletrodomesticos_2,2017,3,500.9
tablets_impressao_imagem,2017,3,495.0
fashion_underwear_e_moda_praia,2017,3,394.14
construcao_ferramentas_seguranca,2017,3,380.0
casa_conforto_2,2017,3,342.88
eletrodomesticos,2017,3,337.3
industria_comercio_e_negocios,2017,3,238.0
artes,2017,3,223.25
moveis_cozinha_area_de_servico_jantar_e_jardim,2017,3,113.98
alimentos_bebidas,2017,3,110.8
agro_industria_e_comercio,2017,3,81.99000000000001
sinalizacao_e_seguranca,2017,3,75.0
livros_tecnicos,2017,3,75.0
fashion_esporte,2017,3,39.9
musica,2017,3,27.99
fashion_roupa_feminina,2017,3,19.9
cama_mesa_banho,2017,4,27483.73999999997
moveis_decoracao,2017,4,27287.319999999978
ferramentas_jardim,2017,4,26877.90999999999
esporte_lazer,2017,4,26629.359999999982
relogios_presentes,2017,4,24026.969999999994
beleza_saude,2017,4,24001.559999999976
eletroportateis,2017,4,23253.98
informatica_acessorios,2017,4,22216.129999999983
cool_stuff,2017,4,22131.86999999998
perfumaria,2017,4,20611.70999999998
automotivo,2017,4,18581.699999999997
utilidades_domesticas,2017,4,17677.96999999998
brinquedos,2017,4,13967.509999999991
moveis_escritorio,2017,4,11038.149999999998
,2017,4,9381.119999999999
telefonia_fixa,2017,4,7983.330000000001
telefonia,2017,4,7680.769999999994
malas_acessorios,2017,4,7399.999999999999
pet_shop,2017,4,6916.590000000002
eletronicos,2017,4,5582.139999999999
papelaria,2017,4,4606.340000000001
bebes,2017,4,4225.35
market_place,2017,4,4090.18
consoles_games,2017,4,3845.0700000000006
instrumentos_musicais,2017,4,3818.4300000000003
fashion_bolsas_e_acessorios,2017,4,3396.5900000000006
casa_conforto,2017,4,2995.000000000001
climatizacao,2017,4,2781.0299999999997
moveis_sala,2017,4,2177.31
fashion_calcados,2017,4,1706.1999999999998
casa_construcao,2017,4,1602.69
construcao_ferramentas_jardim,2017,4,1550.1100000000001
dvds_blu_ray,2017,4,1434.9
tablets_impressao_imagem,2017,4,1310.88
audio,2017,4,1122.0
moveis_cozinha_area_de_servico_jantar_e_jardim,2017,4,1105.3999999999999
moveis_quarto,2017,4,973.95
livros_interesse_geral,2017,4,923.3799999999999
eletrodomesticos_2,2017,4,799.8
construcao_ferramentas_ferramentas,2017,4,729.0
eletrodomesticos,2017,4,532.3
alimentos,2017,4,491.3
fashion_roupa_masculina,2017,4,441.59000000000003
bebidas,2017,4,424.78000000000003
pc_gamer,2017,4,259.98
fashion_esporte,2017,4,254.76999999999998
sinalizacao_e_seguranca,2017,4,128.06
artes,2017,4,119.9
cine_foto,2017,4,118.0
moveis_colchao_e_estofado,2017,4,109.4
fashion_underwear_e_moda_praia,2017,4,98.79
livros_tecnicos,2017,4,75.0
artigos_de_natal,2017,4,69.0
fashion_roupa_feminina,2017,4,64.9
alimentos_bebidas,2017,4,64.9
musica,2017,4,59.8
la_cuisine,2017,4,48.0
livros_importados,2017,4,39.98
casa_conforto_2,2017,4,12.9
informatica_acessorios,2017,5,60048.98000000008
beleza_saude,2017,5,49627.16000000005
esporte_lazer,2017,5,40637.410000000076
relogios_presentes,2017,5,40041.200000000004
cama_mesa_banho,2017,5,36187.93000000004
cool_stuff,2017,5,35253.98000000002
moveis_decoracao,2017,5,28289.359999999993
utilidades_domesticas,2017,5,27127.529999999948
brinquedos,2017,5,23123.539999999975
ferramentas_jardim,2017,5,22052.149999999983
automotivo,2017,5,21981.849999999995
perfumaria,2017,5,21518.61999999998
malas_acessorios,2017,5,13341.919999999995
moveis_escritorio,2017,5,12444.669999999995
,2017,5,11451.72
bebes,2017,5,10245.999999999993
instrumentos_musicais,2017,5,10134.329999999998
telefonia,2017,5,10001.419999999984
pet_shop,2017,5,8441.650000000001
fashion_bolsas_e_acessorios,2017,5,8154.459999999997
eletronicos,2017,5,6971.060000000001
artes,2017,5,6967.65
papelaria,2017,5,6276.680000000001
casa_conforto,2017,5,5575.470000000001
moveis_sala,2017,5,5375.21
eletroportateis,2017,5,5374.429999999999
moveis_quarto,2017,5,3936.9599999999996
eletrodomesticos_2,2017,5,3093.04
consoles_games,2017,5,2634.48
market_place,2017,5,2528.9800000000005
audio,2017,5,2081.1800000000003
livros_interesse_geral,2017,5,1976.57
eletrodomesticos,2017,5,1912.79
casa_construcao,2017,5,1835.0
construcao_ferramentas_jardim,2017,5,1691.04
fashion_calcados,2017,5,1669.5399999999997
tablets_impressao_imagem,2017,5,1613.98
agro_industria_e_comercio,2017,5,1579.94
moveis_cozinha_area_de_servico_jantar_e_jardim,2017,5,1304.48
climatizacao,2017,5,1105.77
construcao_ferramentas_ferramentas,2017,5,803.9
fashion_roupa_masculina,2017,5,796.0999999999999
sinalizacao_e_seguranca,2017,5,722.85
moveis_colchao_e_estofado,2017,5,595.89
alimentos_bebidas,2017,5,574.99
industria_comercio_e_negocios,2017,5,519.8
telefonia_fixa,2017,5,462.33000000000004
fashion_roupa_feminina,2017,5,422.40000000000003
alimentos,2017,5,387.9
fashion_underwear_e_moda_praia,2017,5,289.40000000000003
livros_tecnicos,2017,5,262.0
la_cuisine,2017,5,193.0
pc_gamer,2017,5,129.99
fashion_esporte,2017,5,124.84
fashion_roupa_infanto_juvenil,2017,5,110.0
construcao_ferramentas_construcao,2017,5,99.99
bebidas,2017,5,90.0
dvds_blu_ray,2017,5,89.6
cine_foto,2017,5,59.0
artes_e_artesanato,2017,5,43.98
informatica_acessorios,2017,6,45190.990000000034
cool_stuff,2017,6,38533.04000000002
cama_mesa_banho,2017,6,38439.28000000003
esporte_lazer,2017,6,34563.50000000004
beleza_saude,2017,6,33993.18000000001
automotivo,2017,6,32718.4
relogios_presentes,2017,6,29336.420000000006
utilidades_domesticas,2017,6,27350.419999999947
perfumaria,2017,6,25606.90999999998
moveis_decoracao,2017,6,22267.599999999966
ferramentas_jardim,2017,6,16952.21999999999
brinquedos,2017,6,15877.149999999987
eletroportateis,2017,6,9698.809999999998
bebes,2017,6,9095.029999999995
moveis_escritorio,2017,6,8298.55
malas_acessorios,2017,6,8286.990000000002
fashion_bolsas_e_acessorios,2017,6,7233.830000000002
telefonia,2017,6,6996.849999999993
,2017,6,6428.89
consoles_games,2017,6,5523.820000000001
pet_shop,2017,6,5406.369999999999
instrumentos_musicais,2017,6,5401.85
casa_construcao,2017,6,4449.3
papelaria,2017,6,3562.470000000001
casa_conforto,2017,6,3146.09
climatizacao,2017,6,2701.2799999999997
eletrodomesticos,2017,6,2540.09
eletronicos,2017,6,2171.94
livros_interesse_geral,2017,6,2069.9800000000005
moveis_sala,2017,6,2025.2100000000003
audio,2017,6,1671.0
fashion_calcados,2017,6,1560.6399999999999
agro_industria_e_comercio,2017,6,1390.0
market_place,2017,6,1321.75
eletrodomesticos_2,2017,6,1213.87
musica,2017,6,1066.9
artes,2017,6,975.1999999999999
telefonia_fixa,2017,6,933.6700000000001
construcao_ferramentas_construcao,2017,6,690.63
fashion_roupa_masculina,2017,6,644.39
tablets_impressao_imagem,2017,6,594.0
construcao_ferramentas_jardim,2017,6,534.59
fashion_esporte,2017,6,495.49
moveis_cozinha_area_de_servico_jantar_e_jardim,2017,6,374.8
moveis_quarto,2017,6,308.99
industria_comercio_e_negocios,2017,6,276.97
sinalizacao_e_seguranca,2017,6,273.9
artigos_de_natal,2017,6,214.6
fashion_roupa_feminina,2017,6,154.8
alimentos,2017,6,149.9
livros_importados,2017,6,148.5
livros_tecnicos,2017,6,145.9
pc_gamer,2017,6,129.99
dvds_blu_ray,2017,6,126.69
fashion_roupa_infanto_juvenil,2017,6,110.0
cine_foto,2017,6,79.0
portateis_casa_forno_e_cafe,2017,6,71.9
alimentos_bebidas,2017,6,57.4
bebidas,2017,6,49.99
casa_conforto_2,2017,6,12.9
fashion_underwear_e_moda_praia,2017,6,3.9
cama_mesa_banho,2017,7,74879.62000000014
informatica_acessorios,2017,7,50331.36000000005
esporte_lazer,2017,7,43835.85
cool_stuff,2017,7,38266.240000000034
relogios_presentes,2017,7,37978.94000000001
beleza_saude,2017,7,37295.43
moveis_decoracao,2017,7,31934.129999999972
utilidades_domesticas,2017,7,25210.249999999964
brinquedos,2017,7,24849.53999999997
ferramentas_jardim,2017,7,22614.479999999974
moveis_escritorio,2017,7,20252.52999999999
bebes,2017,7,16627.329999999987
automotivo,2017,7,15194.419999999998
perfumaria,2017,7,13648.189999999991
telefonia,2017,7,9243.279999999992
eletronicos,2017,7,8994.65
instrumentos_musicais,2017,7,8678.69
malas_acessorios,2017,7,8634.839999999998
pet_shop,2017,7,7661.35
papelaria,2017,7,7522.4400000000005
casa_conforto,2017,7,5886.010000000002
consoles_games,2017,7,5785.0599999999995
fashion_bolsas_e_acessorios,2017,7,5361.890000000001
eletroportateis,2017,7,5020.359999999999
moveis_sala,2017,7,4902.92
eletrodomesticos,2017,7,3671.990000000001
,2017,7,3518.860000000001
market_place,2017,7,1648.28
moveis_cozinha_area_de_servico_jantar_e_jardim,2017,7,1508.4
fashion_calcados,2017,7,1458.9099999999999
climatizacao,2017,7,1396.1
livros_interesse_geral,2017,7,1327.3
moveis_quarto,2017,7,1206.99
agro_industria_e_comercio,2017,7,1180.0
eletrodomesticos_2,2017,7,1033.99
fashion_roupa_masculina,2017,7,850.99
audio,2017,7,771.6899999999999
dvds_blu_ray,2017,7,749.6999999999999
sinalizacao_e_seguranca,2017,7,664.1899999999999
construcao_ferramentas_construcao,2017,7,649.43
alimentos,2017,7,611.6600000000001
livros_tecnicos,2017,7,528.0
la_cuisine,2017,7,469.99
construcao_ferramentas_jardim,2017,7,446.93999999999994
artes,2017,7,386.75
construcao_ferramentas_iluminacao,2017,7,360.0
musica,2017,7,329.0
bebidas,2017,7,323.96000000000004
fashion_roupa_feminina,2017,7,310.70000000000005
fashion_underwear_e_moda_praia,2017,7,274.8
cds_dvds_musicais,2017,7,270.0
industria_comercio_e_negocios,2017,7,245.95999999999998
telefonia_fixa,2017,7,237.63
alimentos_bebidas,2017,7,198.1
tablets_impressao_imagem,2017,7,198.0
casa_construcao,2017,7,140.39999999999998
artes_e_artesanato,2017,7,129.9
moveis_colchao_e_estofado,2017,7,109.4
fashion_esporte,2017,7,69.9
artigos_de_festas,2017,7,69.9
artigos_de_natal,2017,7,65.09
casa_conforto_2,2017,7,12.9
cama_mesa_banho,2017,8,64776.99000000013
beleza_saude,2017,8,51694.410000000076
esporte_lazer,2017,8,46347.200000000084
automotivo,2017,8,44872.76000000004
moveis_decoracao,2017,8,44776.910000000025
informatica_acessorios,2017,8,44497.33000000003
cool_stuff,2017,8,43727.62000000003
relogios_presentes,2017,8,37408.54000000001
pcs,2017,8,33700.0
ferramentas_jardim,2017,8,27810.139999999985
utilidades_domesticas,2017,8,26828.28999999998
bebes,2017,8,21112.809999999987
brinquedos,2017,8,19420.29999999998
perfumaria,2017,8,14277.589999999993
moveis_escritorio,2017,8,12276.89
pet_shop,2017,8,11252.329999999998
telefonia,2017,8,11204.169999999991
consoles_games,2017,8,8912.849999999997
fashion_bolsas_e_acessorios,2017,8,7385.37
malas_acessorios,2017,8,7333.199999999999
instrumentos_musicais,2017,8,7329.55
papelaria,2017,8,6632.310000000001
,2017,8,5769.090000000003
climatizacao,2017,8,5759.13
eletrodomesticos,2017,8,4587.050000000001
eletroportateis,2017,8,4413.609999999999
casa_conforto,2017,8,4285.6900000000005
telefonia_fixa,2017,8,4103.4400000000005
eletrodomesticos_2,2017,8,4004.55
eletronicos,2017,8,3393.020000000002
livros_interesse_geral,2017,8,3214.8000000000006
moveis_sala,2017,8,2577.8700000000003
market_place,2017,8,1963.3899999999999
construcao_ferramentas_jardim,2017,8,1960.0900000000001
fashion_calcados,2017,8,1778.69
construcao_ferramentas_construcao,2017,8,1402.19
fashion_roupa_masculina,2017,8,1394.94
livros_tecnicos,2017,8,1196.38
fashion_underwear_e_moda_praia,2017,8,1111.0
audio,2017,8,1050.6999999999998
moveis_cozinha_area_de_servico_jantar_e_jardim,2017,8,1006.2
industria_comercio_e_negocios,2017,8,956.9
alimentos_bebidas,2017,8,634.77
moveis_quarto,2017,8,618.0
construcao_ferramentas_iluminacao,2017,8,589.0
tablets_impressao_imagem,2017,8,549.89
moveis_colchao_e_estofado,2017,8,509.39
alimentos,2017,8,427.99
sinalizacao_e_seguranca,2017,8,377.8
la_cuisine,2017,8,313.0
fashion_esporte,2017,8,265.8
artes,2017,8,244.70000000000002
agro_industria_e_comercio,2017,8,220.0
fashion_roupa_feminina,2017,8,188.7
cds_dvds_musicais,2017,8,180.0
casa_construcao,2017,8,124.8
bebidas,2017,8,119.9
dvds_blu_ray,2017,8,113.39999999999999
portateis_casa_forno_e_cafe,2017,8,109.06
casa_conforto_2,2017,8,64.5
livros_importados,2017,8,61.0
artigos_de_natal,2017,8,58.9
fashion_roupa_infanto_juvenil,2017,8,49.9
construcao_ferramentas_seguranca,2017,8,8.9
cama_mesa_banho,2017,9,61110.63000000012
telefonia_fixa,2017,9,60732.909999999996
esporte_lazer,2017,9,56614.67000000014
beleza_saude,2017,9,55099.120000000126
pcs,2017,9,53728.880000000005
relogios_presentes,2017,9,50468.270000000026
informatica_acessorios,2017,9,39823.740000000005
cool_stuff,2017,9,39672.93000000003
moveis_decoracao,2017,9,36561.710000000014
brinquedos,2017,9,33379.22
ferramentas_jardim,2017,9,27795.829999999973
bebes,2017,9,25238.919999999987
utilidades_domesticas,2017,9,21896.21999999998
telefonia,2017,9,20043.219999999976
automotivo,2017,9,19680.839999999993
moveis_escritorio,2017,9,16655.109999999993
perfumaria,2017,9,16203.519999999982
fashion_bolsas_e_acessorios,2017,9,14520.139999999994
instrumentos_musicais,2017,9,11620.27
eletroportateis,2017,9,11158.630000000001
pet_shop,2017,9,10691.149999999994
consoles_games,2017,9,9330.269999999999
,2017,9,7394.529999999999
papelaria,2017,9,6672.300000000001
casa_conforto,2017,9,6340.84
eletronicos,2017,9,4407.810000000001
malas_acessorios,2017,9,3910.3700000000017
agro_industria_e_comercio,2017,9,2391.99
casa_construcao,2017,9,2036.02
fashion_underwear_e_moda_praia,2017,9,2032.6
fashion_roupa_masculina,2017,9,1821.7
eletrodomesticos,2017,9,1820.19
eletrodomesticos_2,2017,9,1776.8
construcao_ferramentas_construcao,2017,9,1738.8000000000002
climatizacao,2017,9,1731.0500000000002
construcao_ferramentas_seguranca,2017,9,1553.2400000000002
moveis_sala,2017,9,1275.87
fashion_calcados,2017,9,1249.5
alimentos,2017,9,1224.17
market_place,2017,9,1147.21
audio,2017,9,1042.5900000000001
livros_tecnicos,2017,9,1001.35
livros_interesse_geral,2017,9,965.14
moveis_quarto,2017,9,944.5
construcao_ferramentas_ferramentas,2017,9,916.89
portateis_casa_forno_e_cafe,2017,9,640.99
fashion_esporte,2017,9,624.0
alimentos_bebidas,2017,9,544.2
sinalizacao_e_seguranca,2017,9,533.4
moveis_cozinha_area_de_servico_jantar_e_jardim,2017,9,464.09000000000003
fashion_roupa_feminina,2017,9,410.6
artigos_de_festas,2017,9,404.70000000000005
livros_importados,2017,9,393.0
artes,2017,9,388.53999999999996
bebidas,2017,9,343.46000000000004
construcao_ferramentas_jardim,2017,9,326.95
artigos_de_natal,2017,9,313.6
tablets_impressao_imagem,2017,9,233.9
construcao_ferramentas_iluminacao,2017,9,229.0
industria_comercio_e_negocios,2017,9,219.98
seguros_e_servicos,2017,9,100.0
fashion_roupa_infanto_juvenil,2017,9,89.99
moveis_colchao_e_estofado,2017,9,86.5
cine_foto,2017,9,69.0
dvds_blu_ray,2017,9,39.8
casa_conforto_2,2017,9,12.9
relogios_presentes,2017,10,68717.12000000005
informatica_acessorios,2017,10,61358.81000000005
cama_mesa_banho,2017,10,58936.28000000009
esporte_lazer,2017,10,53593.59000000007
cool_stuff,2017,10,48155.15000000007
beleza_saude,2017,10,43526.760000000024
pcs,2017,10,41830.92
moveis_decoracao,2017,10,40895.28000000003
brinquedos,2017,10,36215.09999999999
moveis_escritorio,2017,10,34868.91999999999
ferramentas_jardim,2017,10,33140.29000000002
telefonia,2017,10,25140.16999999998
automotivo,2017,10,23868.55999999999
,2017,10,21092.21
utilidades_domesticas,2017,10,19471.31999999998
perfumaria,2017,10,17598.819999999978
bebes,2017,10,17097.349999999984
consoles_games,2017,10,10926.469999999994
pet_shop,2017,10,9392.579999999998
papelaria,2017,10,9354.759999999998
fashion_bolsas_e_acessorios,2017,10,8965.449999999995
instrumentos_musicais,2017,10,7579.16
eletroportateis,2017,10,6591.120000000001
malas_acessorios,2017,10,6462.640000000001
casa_construcao,2017,10,4913.0599999999995
moveis_cozinha_area_de_servico_jantar_e_jardim,2017,10,4040.6
eletronicos,2017,10,3974.760000000001
telefonia_fixa,2017,10,3890.88
casa_conforto,2017,10,3725.5
climatizacao,2017,10,3405.6800000000003
agro_industria_e_comercio,2017,10,3350.2799999999997
construcao_ferramentas_construcao,2017,10,3097.48
eletrodomesticos_2,2017,10,2803.17
alimentos_bebidas,2017,10,2564.79
construcao_ferramentas_seguranca,2017,10,2514.19
audio,2017,10,2348.48
industria_comercio_e_negocios,2017,10,2256.6900000000005
fashion_calcados,2017,10,2030.7200000000003
eletrodomesticos,2017,10,1951.0800000000002
moveis_sala,2017,10,1886.8700000000003
market_place,2017,10,1219.54
moveis_quarto,2017,10,1193.9
fashion_roupa_masculina,2017,10,1188.8
alimentos,2017,10,1113.41
construcao_ferramentas_ferramentas,2017,10,1018.5999999999999
livros_interesse_geral,2017,10,1004.5
construcao_ferramentas_jardim,2017,10,1001.9
livros_tecnicos,2017,10,880.0
sinalizacao_e_seguranca,2017,10,771.0
bebidas,2017,10,694.98
artigos_de_natal,2017,10,562.65
construcao_ferramentas_iluminacao,2017,10,500.0
artes,2017,10,349.05
dvds_blu_ray,2017,10,194.5
fashion_underwear_e_moda_praia,2017,10,187.8
artigos_de_festas,2017,10,137.8
la_cuisine,2017,10,137.0
casa_conforto_2,2017,10,103.20000000000002
tablets_impressao_imagem,2017,10,99.0
cine_foto,2017,10,69.0
fashion_esporte,2017,10,59.9
musica,2017,10,54.9
cds_dvds_musicais,2017,10,45.0
fashion_roupa_infanto_juvenil,2017,10,39.99
cama_mesa_banho,2017,11,108911.49000000035
relogios_presentes,2017,11,101957.29000000005
informatica_acessorios,2017,11,95127.00000000009
moveis_decoracao,2017,11,93947.04000000024
beleza_saude,2017,11,84148.24000000015
esporte_lazer,2017,11,70163.40000000017
brinquedos,2017,11,67809.60000000017
ferramentas_jardim,2017,11,59482.44000000011
cool_stuff,2017,11,59062.47000000012
utilidades_domesticas,2017,11,41702.87000000002
automotivo,2017,11,36879.320000000014
perfumaria,2017,11,32880.43000000003
telefonia,2017,11,29849.289999999994
agro_industria_e_comercio,2017,11,29166.989999999998
moveis_escritorio,2017,11,26677.219999999987
bebes,2017,11,22739.119999999974
papelaria,2017,11,17976.77999999999
instrumentos_musicais,2017,11,17177.399999999994
,2017,11,14861.909999999993
fashion_bolsas_e_acessorios,2017,11,14404.139999999992
pet_shop,2017,11,12926.889999999992
consoles_games,2017,11,12818.379999999994
eletronicos,2017,11,11745.429999999991
moveis_sala,2017,11,11208.59
pcs,2017,11,9768.0
malas_acessorios,2017,11,9238.64
construcao_ferramentas_construcao,2017,11,8526.15
eletroportateis,2017,11,7976.1
casa_conforto,2017,11,6485.090000000002
moveis_cozinha_area_de_servico_jantar_e_jardim,2017,11,5690.1900000000005
casa_construcao,2017,11,5249.02
climatizacao,2017,11,5074.610000000001
eletrodomesticos_2,2017,11,4854.93
eletrodomesticos,2017,11,4515.9400000000005
construcao_ferramentas_seguranca,2017,11,4407.290000000001
audio,2017,11,3922.2000000000003
livros_interesse_geral,2017,11,2664.9600000000005
alimentos_bebidas,2017,11,2580.2700000000004
construcao_ferramentas_iluminacao,2017,11,2224.4700000000003
industria_comercio_e_negocios,2017,11,2074.7700000000004
fashion_calcados,2017,11,1898.5000000000002
market_place,2017,11,1666.98
artigos_de_natal,2017,11,1414.2799999999997
construcao_ferramentas_jardim,2017,11,1384.4499999999998
fashion_underwear_e_moda_praia,2017,11,1221.6
fashion_roupa_masculina,2017,11,1139.8899999999999
livros_tecnicos,2017,11,984.9
sinalizacao_e_seguranca,2017,11,950.79
telefonia_fixa,2017,11,943.98
bebidas,2017,11,929.4100000000001
moveis_quarto,2017,11,873.0
artigos_de_festas,2017,11,870.69
alimentos,2017,11,758.3700000000001
livros_importados,2017,11,433.0
tablets_impressao_imagem,2017,11,350.4
moveis_colchao_e_estofado,2017,11,334.0
construcao_ferramentas_ferramentas,2017,11,299.4
cine_foto,2017,11,242.0
cds_dvds_musicais,2017,11,195.0
flores,2017,11,187.8
la_cuisine,2017,11,137.0
fashion_roupa_feminina,2017,11,79.88
dvds_blu_ray,2017,11,79.78999999999999
artes,2017,11,75.0
fashion_esporte,2017,11,59.9
casa_conforto_2,2017,11,38.7
relogios_presentes,2017,12,73299.67000000007
esporte_lazer,2017,12,65784.1700000001
beleza_saude,2017,12,63896.56000000017
brinquedos,2017,12,59982.25000000015
cama_mesa_banho,2017,12,59305.750000000124
informatica_acessorios,2017,12,42986.37000000002
automotivo,2017,12,42364.57000000003
ferramentas_jardim,2017,12,40304.96000000001
cool_stuff,2017,12,40067.72000000003
moveis_decoracao,2017,12,39042.44000000002
utilidades_domesticas,2017,12,29160.839999999967
perfumaria,2017,12,28253.769999999968
papelaria,2017,12,27136.899999999987
pcs,2017,12,20477.0
bebes,2017,12,20325.739999999983
,2017,12,17009.079999999994
telefonia,2017,12,15360.089999999967
instrumentos_musicais,2017,12,11072.499999999998
fashion_bolsas_e_acessorios,2017,12,10723.459999999997
consoles_games,2017,12,9226.309999999998
eletronicos,2017,12,9145.130000000001
eletroportateis,2017,12,8946.77
moveis_escritorio,2017,12,8800.999999999998
casa_construcao,2017,12,7799.05
pet_shop,2017,12,7598.030000000001
construcao_ferramentas_construcao,2017,12,6615.35
malas_acessorios,2017,12,6481.110000000001
agro_industria_e_comercio,2017,12,5822.6
moveis_cozinha_area_de_servico_jantar_e_jardim,2017,12,5162.18
audio,2017,12,2686.9300000000003
livros_interesse_geral,2017,12,2657.7000000000007
moveis_sala,2017,12,2598.51
bebidas,2017,12,2271.7300000000005
casa_conforto,2017,12,2257.8
eletrodomesticos_2,2017,12,1990.16
industria_comercio_e_negocios,2017,12,1828.5000000000002
construcao_ferramentas_seguranca,2017,12,1384.92
eletrodomesticos,2017,12,1331.0
alimentos_bebidas,2017,12,1214.4699999999998
fashion_underwear_e_moda_praia,2017,12,1173.1
fashion_calcados,2017,12,1155.8
alimentos,2017,12,1149.1000000000001
telefonia_fixa,2017,12,998.77
construcao_ferramentas_jardim,2017,12,928.9
moveis_colchao_e_estofado,2017,12,803.7
sinalizacao_e_seguranca,2017,12,770.0
market_place,2017,12,759.1399999999999
livros_tecnicos,2017,12,670.69
climatizacao,2017,12,668.8
artigos_de_natal,2017,12,532.0
artigos_de_festas,2017,12,515.2
fashion_roupa_masculina,2017,12,450.89
tablets_impressao_imagem,2017,12,419.40000000000003
construcao_ferramentas_iluminacao,2017,12,352.0
construcao_ferramentas_ferramentas,2017,12,349.4
livros_importados,2017,12,231.0
moveis_quarto,2017,12,185.0
dvds_blu_ray,2017,12,119.9
artes,2017,12,115.25
fraldas_higiene,2017,12,114.0
flores,2017,12,82.7
cds_dvds_musicais,2017,12,65.0
fashion_esporte,2017,12,59.9
informatica_acessorios,2018,1,106696.85000000018
esporte_lazer,2018,1,99000.9300000002
cama_mesa_banho,2018,1,94787.98000000033
relogios_presentes,2018,1,85557.84000000005
beleza_saude,2018,1,76420.78000000017
moveis_decoracao,2018,1,68144.46000000017
utilidades_domesticas,2018,1,44595.500000000015
papelaria,2018,1,43348.21000000002
cool_stuff,2018,1,41154.97000000002
automotivo,2018,1,39717.940000000024
bebes,2018,1,31312.489999999998
ferramentas_jardim,2018,1,29446.149999999998
moveis_escritorio,2018,1,27167.629999999983
,2018,1,25894.749999999985
brinquedos,2018,1,22794.139999999978
perfumaria,2018,1,21264.219999999972
malas_acessorios,2018,1,19202.889999999985
eletronicos,2018,1,17617.209999999963
eletroportateis,2018,1,16181.759999999998
instrumentos_musicais,2018,1,15628.479999999996
telefonia,2018,1,15611.869999999954
pet_shop,2018,1,11978.349999999995
construcao_ferramentas_construcao,2018,1,11726.879999999997
eletrodomesticos_2,2018,1,8670.0
fashion_bolsas_e_acessorios,2018,1,8337.820000000002
consoles_games,2018,1,8228.880000000001
casa_construcao,2018,1,8122.220000000001
pcs,2018,1,7450.0
climatizacao,2018,1,6012.420000000002
agro_industria_e_comercio,2018,1,5991.4400000000005
moveis_cozinha_area_de_servico_jantar_e_jardim,2018,1,4943.5
construcao_ferramentas_jardim,2018,1,4708.98
industria_comercio_e_negocios,2018,1,3931.4000000000005
audio,2018,1,3909.28
casa_conforto,2018,1,3306.0600000000004
construcao_ferramentas_seguranca,2018,1,2838.3700000000003
bebidas,2018,1,2789.9
artes,2018,1,2680.76
construcao_ferramentas_iluminacao,2018,1,2642.99
telefonia_fixa,2018,1,2444.1
livros_interesse_geral,2018,1,2399.8
moveis_sala,2018,1,2308.1000000000004
eletrodomesticos,2018,1,1809.0500000000002
market_place,2018,1,1808.72
sinalizacao_e_seguranca,2018,1,1258.79
livros_tecnicos,2018,1,1244.55
artigos_de_natal,2018,1,946.4999999999999
alimentos,2018,1,928.31
fashion_calcados,2018,1,921.4000000000001
moveis_quarto,2018,1,914.8
moveis_colchao_e_estofado,2018,1,860.5
fashion_underwear_e_moda_praia,2018,1,754.5
fashion_roupa_masculina,2018,1,670.5
livros_importados,2018,1,583.0
construcao_ferramentas_ferramentas,2018,1,532.3
flores,2018,1,377.7
fraldas_higiene,2018,1,375.0
portateis_casa_forno_e_cafe,2018,1,369.99
alimentos_bebidas,2018,1,350.15999999999997
cine_foto,2018,1,199.98
fashion_esporte,2018,1,179.7
tablets_impressao_imagem,2018,1,161.8
fashion_roupa_feminina,2018,1,161.79000000000002
artigos_de_festas,2018,1,135.8
la_cuisine,2018,1,112.0
dvds_blu_ray,2018,1,49.8
musica,2018,1,24.97
informatica_acessorios,2018,2,139114.77999999997
beleza_saude,2018,2,94005.48000000017
esporte_lazer,2018,2,81958.73000000019
cama_mesa_banho,2018,2,69394.88000000021
relogios_presentes,2018,2,65463.97000000003
moveis_decoracao,2018,2,45909.65000000006
automotivo,2018,2,43436.530000000035
utilidades_domesticas,2018,2,40226.47000000003
moveis_escritorio,2018,2,32859.16
ferramentas_jardim,2018,2,32340.320000000007
cool_stuff,2018,2,31725.86000000001
bebes,2018,2,27659.099999999988
perfumaria,2018,2,22242.749999999967
telefonia,2018,2,17299.499999999956
eletronicos,2018,2,16910.559999999972
brinquedos,2018,2,15470.079999999985
,2018,2,14009.659999999994
papelaria,2018,2,12407.529999999993
consoles_games,2018,2,12057.729999999998
construcao_ferramentas_construcao,2018,2,11447.0
pet_shop,2018,2,11135.379999999996
fashion_bolsas_e_acessorios,2018,2,10900.829999999998
instrumentos_musicais,2018,2,9839.93
eletrodomesticos_2,2018,2,8998.83
agro_industria_e_comercio,2018,2,8710.8
telefonia_fixa,2018,2,7819.57
moveis_sala,2018,2,7132.4800000000005
malas_acessorios,2018,2,6725.240000000002
casa_construcao,2018,2,6161.8
construcao_ferramentas_seguranca,2018,2,6064.75
eletrodomesticos,2018,2,5608.740000000001
moveis_cozinha_area_de_servico_jantar_e_jardim,2018,2,5398.96
eletroportateis,2018,2,5363.160000000001
industria_comercio_e_negocios,2018,2,5345.4400000000005
artigos_de_natal,2018,2,4098.150000000001
casa_conforto,2018,2,3259.6500000000005
portateis_casa_forno_e_cafe,2018,2,3024.9
climatizacao,2018,2,2920.09
audio,2018,2,2828.49
market_place,2018,2,2568.7200000000003
construcao_ferramentas_iluminacao,2018,2,2496.6099999999997
alimentos,2018,2,2457.98
bebidas,2018,2,2220.1000000000004
construcao_ferramentas_jardim,2018,2,2075.69
livros_interesse_geral,2018,2,1912.65
livros_tecnicos,2018,2,1651.1000000000001
artes,2018,2,1362.6999999999998
construcao_ferramentas_ferramentas,2018,2,1348.1
alimentos_bebidas,2018,2,1122.07
moveis_quarto,2018,2,1121.3
fashion_calcados,2018,2,1063.6
sinalizacao_e_seguranca,2018,2,918.79
tablets_impressao_imagem,2018,2,749.87
fashion_underwear_e_moda_praia,2018,2,399.3
moveis_colchao_e_estofado,2018,2,389.4
fashion_roupa_masculina,2018,2,388.09000000000003
livros_importados,2018,2,325.0
pc_gamer,2018,2,259.98
fraldas_higiene,2018,2,250.0
musica,2018,2,244.97
cine_foto,2018,2,227.99
flores,2018,2,134.48000000000002
casa_conforto_2,2018,2,51.6
fashion_roupa_feminina,2018,2,29.99
dvds_blu_ray,2018,2,24.9
informatica_acessorios,2018,3,103800.29000000007
relogios_presentes,2018,3,99627.88000000005
beleza_saude,2018,3,95056.4400000002
esporte_lazer,2018,3,94026.05000000015
cama_mesa_banho,2018,3,84022.88000000028
moveis_decoracao,2018,3,74606.99000000014
utilidades_domesticas,2018,3,48164.30000000005
automotivo,2018,3,47255.89000000006
moveis_escritorio,2018,3,43777.69
bebes,2018,3,42727.09000000001
cool_stuff,2018,3,39302.63000000001
ferramentas_jardim,2018,3,33863.23000000001
telefonia,2018,3,26676.339999999967
brinquedos,2018,3,24334.719999999972
perfumaria,2018,3,21529.099999999973
,2018,3,19221.829999999994
pet_shop,2018,3,14799.089999999993
eletroportateis,2018,3,14592.050000000001
papelaria,2018,3,14154.509999999995
eletronicos,2018,3,13578.34999999998
construcao_ferramentas_construcao,2018,3,13273.39
consoles_games,2018,3,12076.96
instrumentos_musicais,2018,3,11358.289999999999
audio,2018,3,10817.329999999998
fashion_bolsas_e_acessorios,2018,3,10619.519999999997
eletrodomesticos,2018,3,9876.59
construcao_ferramentas_seguranca,2018,3,9599.87
portateis_casa_forno_e_cafe,2018,3,7890.9
malas_acessorios,2018,3,6585.450000000001
agro_industria_e_comercio,2018,3,6566.5
casa_construcao,2018,3,6513.61
eletrodomesticos_2,2018,3,5648.199999999999
moveis_sala,2018,3,3521.87
industria_comercio_e_negocios,2018,3,3214.45
climatizacao,2018,3,3017.4800000000005
moveis_cozinha_area_de_servico_jantar_e_jardim,2018,3,2842.66
construcao_ferramentas_jardim,2018,3,2644.4800000000005
casa_conforto,2018,3,2609.28
construcao_ferramentas_iluminacao,2018,3,2576.6
alimentos_bebidas,2018,3,2496.24
telefonia_fixa,2018,3,2306.4900000000002
livros_interesse_geral,2018,3,1985.08
alimentos,2018,3,1666.8700000000003
market_place,2018,3,1658.6399999999999
fashion_calcados,2018,3,1252.8
moveis_quarto,2018,3,1071.8
bebidas,2018,3,1043.7
sinalizacao_e_seguranca,2018,3,1026.8899999999999
construcao_ferramentas_ferramentas,2018,3,963.2
livros_tecnicos,2018,3,937.4699999999998
artigos_de_festas,2018,3,935.8000000000001
artigos_de_natal,2018,3,854.9499999999999
cine_foto,2018,3,811.74
artes,2018,3,461.5
moveis_colchao_e_estofado,2018,3,440.0
fraldas_higiene,2018,3,413.0
la_cuisine,2018,3,389.0
tablets_impressao_imagem,2018,3,362.19000000000005
musica,2018,3,348.94
livros_importados,2018,3,336.0
fashion_roupa_feminina,2018,3,299.9
fashion_underwear_e_moda_praia,2018,3,289.4
fashion_esporte,2018,3,89.9
flores,2018,3,89.67
fashion_roupa_infanto_juvenil,2018,3,79.98
dvds_blu_ray,2018,3,49.8
casa_conforto_2,2018,3,34.99
relogios_presentes,2018,4,98303.1300000001
beleza_saude,2018,4,98127.54000000014
cama_mesa_banho,2018,4,87211.08000000022
esporte_lazer,2018,4,76359.53000000017
moveis_decoracao,2018,4,71213.35000000014
informatica_acessorios,2018,4,68851.79000000012
bebes,2018,4,56562.62000000002
automotivo,2018,4,53426.67000000007
utilidades_domesticas,2018,4,50949.97000000006
ferramentas_jardim,2018,4,39331.240000000005
cool_stuff,2018,4,36259.57000000002
moveis_escritorio,2018,4,34679.310000000005
brinquedos,2018,4,23903.08999999997
eletrodomesticos_2,2018,4,20741.690000000002
pet_shop,2018,4,20610.209999999985
telefonia,2018,4,20063.39999999996
bebidas,2018,4,19702.090000000004
instrumentos_musicais,2018,4,19590.689999999995
perfumaria,2018,4,18481.179999999986
construcao_ferramentas_construcao,2018,4,15910.449999999995
eletrodomesticos,2018,4,15124.249999999996
pcs,2018,4,14972.919999999998
portateis_casa_forno_e_cafe,2018,4,13980.98
papelaria,2018,4,12779.59999999999
eletroportateis,2018,4,12362.199999999997
eletronicos,2018,4,11463.67999999999
casa_construcao,2018,4,10633.0
fashion_bolsas_e_acessorios,2018,4,10401.019999999997
malas_acessorios,2018,4,9548.159999999998
,2018,4,8551.220000000001
consoles_games,2018,4,8053.139999999999
audio,2018,4,7264.469999999999
moveis_sala,2018,4,6714.450000000002
livros_interesse_geral,2018,4,6641.91
construcao_ferramentas_iluminacao,2018,4,6547.55
industria_comercio_e_negocios,2018,4,6514.610000000001
agro_industria_e_comercio,2018,4,4500.7
climatizacao,2018,4,3421.69
moveis_cozinha_area_de_servico_jantar_e_jardim,2018,4,3232.4700000000003
construcao_ferramentas_seguranca,2018,4,2916.26
sinalizacao_e_seguranca,2018,4,2634.27
casa_conforto,2018,4,2229.0000000000005
telefonia_fixa,2018,4,2189.44
artes,2018,4,2140.2799999999997
construcao_ferramentas_jardim,2018,4,1896.2199999999998
alimentos,2018,4,1885.1
musica,2018,4,1696.8600000000001
moveis_quarto,2018,4,1649.9
fashion_calcados,2018,4,1438.6999999999998
construcao_ferramentas_ferramentas,2018,4,1378.8899999999999
livros_tecnicos,2018,4,1172.1
alimentos_bebidas,2018,4,690.73
market_place,2018,4,627.23
fashion_roupa_feminina,2018,4,524.85
cine_foto,2018,4,521.74
la_cuisine,2018,4,420.0
fashion_underwear_e_moda_praia,2018,4,359.4
livros_importados,2018,4,317.99
artigos_de_natal,2018,4,306.35
fashion_roupa_masculina,2018,4,195.0
flores,2018,4,158.4
fraldas_higiene,2018,4,149.0
dvds_blu_ray,2018,4,117.39999999999999
fashion_esporte,2018,4,89.9
artigos_de_festas,2018,4,65.69999999999999
cds_dvds_musicais,2018,4,65.0
tablets_impressao_imagem,2018,4,52.0
casa_conforto_2,2018,4,25.8
artes_e_artesanato,2018,4,15.99
relogios_presentes,2018,5,131996.38999999993
beleza_saude,2018,5,108041.35000000003
cama_mesa_banho,2018,5,85978.39000000022
utilidades_domesticas,2018,5,84020.41000000012
moveis_decoracao,2018,5,68401.40000000014
esporte_lazer,2018,5,63323.410000000134
informatica_acessorios,2018,5,61944.61000000011
ferramentas_jardim,2018,5,44596.92000000003
automotivo,2018,5,41630.45000000003
bebes,2018,5,36428.16000000001
brinquedos,2018,5,32309.079999999973
cool_stuff,2018,5,31242.420000000006
moveis_escritorio,2018,5,28717.509999999995
construcao_ferramentas_construcao,2018,5,27136.989999999998
perfumaria,2018,5,26395.44999999999
telefonia,2018,5,22117.299999999974
instrumentos_musicais,2018,5,18942.039999999994
eletronicos,2018,5,18414.72999999998
pcs,2018,5,16139.85
eletrodomesticos_2,2018,5,14441.24
papelaria,2018,5,13380.069999999992
fashion_bolsas_e_acessorios,2018,5,13209.949999999993
casa_construcao,2018,5,12623.07
pet_shop,2018,5,12363.91999999999
eletroportateis,2018,5,12040.329999999996
portateis_casa_forno_e_cafe,2018,5,10161.6
construcao_ferramentas_seguranca,2018,5,8999.89
consoles_games,2018,5,7861.609999999999
malas_acessorios,2018,5,7504.349999999999
construcao_ferramentas_iluminacao,2018,5,7126.779999999999
eletrodomesticos,2018,5,6167.32
livros_interesse_geral,2018,5,6045.380000000001
industria_comercio_e_negocios,2018,5,4512.99
moveis_sala,2018,5,4028.5199999999995
bebidas,2018,5,3827.9599999999996
,2018,5,3666.22
telefonia_fixa,2018,5,3321.1
casa_conforto,2018,5,3301.0
agro_industria_e_comercio,2018,5,3279.75
livros_tecnicos,2018,5,3113.3700000000017
moveis_cozinha_area_de_servico_jantar_e_jardim,2018,5,2922.8899999999994
audio,2018,5,2767.58
artes,2018,5,2741.8500000000004
cine_foto,2018,5,2327.0899999999997
climatizacao,2018,5,2236.2000000000003
alimentos_bebidas,2018,5,2035.3700000000001
alimentos,2018,5,2005.1200000000008
portateis_cozinha_e_preparadores_de_alimentos,2018,5,1958.0
fashion_calcados,2018,5,1582.7
moveis_quarto,2018,5,1574.97
construcao_ferramentas_jardim,2018,5,1187.08
market_place,2018,5,1057.44
sinalizacao_e_seguranca,2018,5,833.4
musica,2018,5,729.0
livros_importados,2018,5,545.92
artigos_de_natal,2018,5,524.53
dvds_blu_ray,2018,5,479.93
construcao_ferramentas_ferramentas,2018,5,417.9
fashion_underwear_e_moda_praia,2018,5,211.3
fashion_roupa_masculina,2018,5,129.99
artigos_de_festas,2018,5,122.6
fraldas_higiene,2018,5,117.0
artes_e_artesanato,2018,5,89.8
tablets_impressao_imagem,2018,5,49.9
flores,2018,5,16.4
beleza_saude,2018,6,115865.33000000023
relogios_presentes,2018,6,91921.24000000009
cama_mesa_banho,2018,6,83625.2400000002
utilidades_domesticas,2018,6,65356.720000000074
esporte_lazer,2018,6,52040.46000000008
informatica_acessorios,2018,6,50422.830000000016
moveis_decoracao,2018,6,50035.320000000036
automotivo,2018,6,48325.83000000003
bebes,2018,6,32993.19999999998
perfumaria,2018,6,28958.050000000003
telefonia,2018,6,24953.74999999997
construcao_ferramentas_construcao,2018,6,23551.21
brinquedos,2018,6,23047.779999999973
pet_shop,2018,6,22566.40999999998
ferramentas_jardim,2018,6,22033.589999999982
cool_stuff,2018,6,19803.77999999999
pcs,2018,6,19484.0
eletroportateis,2018,6,18858.199999999997
instrumentos_musicais,2018,6,16273.819999999996
moveis_escritorio,2018,6,15248.029999999992
papelaria,2018,6,13881.259999999991
sinalizacao_e_seguranca,2018,6,13482.58
eletronicos,2018,6,11181.589999999998
casa_construcao,2018,6,10606.939999999999
consoles_games,2018,6,8542.009999999998
eletrodomesticos_2,2018,6,8330.710000000001
fashion_bolsas_e_acessorios,2018,6,8241.629999999996
climatizacao,2018,6,7557.9
eletrodomesticos,2018,6,5916.370000000001
moveis_cozinha_area_de_servico_jantar_e_jardim,2018,6,5682.329999999998
construcao_ferramentas_iluminacao,2018,6,5318.41
malas_acessorios,2018,6,5148.38
livros_interesse_geral,2018,6,3970.6100000000006
moveis_sala,2018,6,3714.5099999999993
agro_industria_e_comercio,2018,6,3515.8
portateis_casa_forno_e_cafe,2018,6,3499.0
industria_comercio_e_negocios,2018,6,3190.9
artes,2018,6,2600.13
construcao_ferramentas_seguranca,2018,6,2565.37
,2018,6,2447.83
telefonia_fixa,2018,6,2427.2200000000003
casa_conforto,2018,6,2386.4900000000002
moveis_quarto,2018,6,1926.99
audio,2018,6,1845.5899999999997
bebidas,2018,6,1763.87
livros_tecnicos,2018,6,1747.4300000000003
alimentos,2018,6,1371.1799999999998
fashion_calcados,2018,6,1230.58
construcao_ferramentas_jardim,2018,6,847.4300000000001
cine_foto,2018,6,572.5
market_place,2018,6,556.46
construcao_ferramentas_ferramentas,2018,6,527.0
fashion_roupa_masculina,2018,6,487.79999999999995
livros_importados,2018,6,468.16999999999996
dvds_blu_ray,2018,6,462.86
alimentos_bebidas,2018,6,341.54999999999995
artigos_de_natal,2018,6,337.97
fraldas_higiene,2018,6,321.0
fashion_underwear_e_moda_praia,2018,6,168.29999999999998
flores,2018,6,162.0
musica,2018,6,109.08
fashion_roupa_infanto_juvenil,2018,6,89.99
artigos_de_festas,2018,6,84.80000000000001
tablets_impressao_imagem,2018,6,50.0
casa_conforto_2,2018,6,38.7
beleza_saude,2018,7,117108.19000000016
relogios_presentes,2018,7,98014.09000000011
utilidades_domesticas,2018,7,79732.13000000009
cama_mesa_banho,2018,7,67652.40000000017
esporte_lazer,2018,7,61085.520000000106
moveis_decoracao,2018,7,57327.04000000005
informatica_acessorios,2018,7,46921.07000000008
automotivo,2018,7,45440.46000000005
cool_stuff,2018,7,33646.55999999998
ferramentas_jardim,2018,7,29419.779999999995
telefonia,2018,7,28662.309999999972
perfumaria,2018,7,24227.649999999987
bebes,2018,7,22713.769999999975
pet_shop,2018,7,21457.569999999985
telefonia_fixa,2018,7,20059.39
moveis_escritorio,2018,7,19043.579999999987
papelaria,2018,7,18712.14999999999
brinquedos,2018,7,18448.219999999987
construcao_ferramentas_construcao,2018,7,17644.479999999996
eletronicos,2018,7,15329.749999999987
eletrodomesticos_2,2018,7,12757.22
pcs,2018,7,11239.0
instrumentos_musicais,2018,7,11140.55
eletroportateis,2018,7,9833.26
construcao_ferramentas_iluminacao,2018,7,8590.05
consoles_games,2018,7,8519.109999999997
agro_industria_e_comercio,2018,7,7791.689999999999
moveis_sala,2018,7,7617.5899999999965
casa_construcao,2018,7,7295.699999999997
sinalizacao_e_seguranca,2018,7,7030.559999999998
construcao_ferramentas_ferramentas,2018,7,6819.2
fashion_bolsas_e_acessorios,2018,7,6193.870000000001
malas_acessorios,2018,7,5866.719999999999
portateis_casa_forno_e_cafe,2018,7,5294.67
eletrodomesticos,2018,7,5290.630000000001
,2018,7,5112.890000000001
industria_comercio_e_negocios,2018,7,4766.21
livros_interesse_geral,2018,7,4077.4500000000003
moveis_cozinha_area_de_servico_jantar_e_jardim,2018,7,3977.9500000000003
alimentos,2018,7,3630.8100000000013
casa_conforto,2018,7,2984.3800000000006
climatizacao,2018,7,2886.86
livros_tecnicos,2018,7,2106.81
construcao_ferramentas_jardim,2018,7,2095.08
audio,2018,7,2077.5400000000004
construcao_ferramentas_seguranca,2018,7,1888.9499999999998
artes,2018,7,1843.2
moveis_quarto,2018,7,1671.9
bebidas,2018,7,1335.17
cine_foto,2018,7,1178.54
alimentos_bebidas,2018,7,909.72
pc_gamer,2018,7,896.0
musica,2018,7,849.3
fashion_calcados,2018,7,820.1899999999999
artes_e_artesanato,2018,7,694.4699999999999
livros_importados,2018,7,527.66
artigos_de_natal,2018,7,509.55999999999995
fashion_roupa_masculina,2018,7,208.70000000000002
portateis_cozinha_e_preparadores_de_alimentos,2018,7,189.56
market_place,2018,7,186.78
fraldas_higiene,2018,7,149.8
moveis_colchao_e_estofado,2018,7,129.9
fashion_underwear_e_moda_praia,2018,7,109.8
dvds_blu_ray,2018,7,83.99
artigos_de_festas,2018,7,57.5
casa_conforto_2,2018,7,51.6
flores,2018,7,47.989999999999995
beleza_saude,2018,8,130860.5400000001
relogios_presentes,2018,8,74860.31000000006
cama_mesa_banho,2018,8,71449.16000000012
utilidades_domesticas,2018,8,65455.07000000012
esporte_lazer,2018,8,53809.90000000008
moveis_decoracao,2018,8,50906.01000000005
telefonia,2018,8,48779.03000000004
automotivo,2018,8,48067.740000000034
informatica_acessorios,2018,8,45087.340000000026
construcao_ferramentas_construcao,2018,8,29861.74999999998
pet_shop,2018,8,27381.199999999983
perfumaria,2018,8,26540.229999999996
bebes,2018,8,22995.429999999968
brinquedos,2018,8,20884.53999999998
ferramentas_jardim,2018,8,18290.14999999999
cool_stuff,2018,8,16546.979999999992
papelaria,2018,8,16085.629999999992
pcs,2018,8,13040.5
eletronicos,2018,8,11117.11
instrumentos_musicais,2018,8,10648.039999999997
construcao_ferramentas_iluminacao,2018,8,9986.579999999998
eletrodomesticos_2,2018,8,9882.76
alimentos,2018,8,9201.98
fashion_bolsas_e_acessorios,2018,8,8434.229999999998
casa_construcao,2018,8,7934.199999999998
moveis_escritorio,2018,8,7887.53
malas_acessorios,2018,8,7264.87
eletroportateis,2018,8,6759.060000000001
eletrodomesticos,2018,8,6599.399999999998
agro_industria_e_comercio,2018,8,5781.49
moveis_sala,2018,8,5601.52
consoles_games,2018,8,5370.19
construcao_ferramentas_jardim,2018,8,5266.400000000001
construcao_ferramentas_seguranca,2018,8,4862.120000000001
climatizacao,2018,8,4236.7
portateis_casa_forno_e_cafe,2018,8,2996.7200000000003
telefonia_fixa,2018,8,2724.17
,2018,8,2602.58
moveis_quarto,2018,8,2471.0
moveis_cozinha_area_de_servico_jantar_e_jardim,2018,8,2422.370000000001
industria_comercio_e_negocios,2018,8,2419.6899999999996
sinalizacao_e_seguranca,2018,8,2344.86
casa_conforto,2018,8,2331.1800000000003
audio,2018,8,2226.2
portateis_cozinha_e_preparadores_de_alimentos,2018,8,1838.5
bebidas,2018,8,1720.92
artes,2018,8,1690.3799999999999
livros_interesse_geral,2018,8,1635.63
livros_tecnicos,2018,8,1508.79
alimentos_bebidas,2018,8,1307.1
artigos_de_festas,2018,8,1285.29
construcao_ferramentas_ferramentas,2018,8,1255.77
market_place,2018,8,949.27
artes_e_artesanato,2018,8,901.76
livros_importados,2018,8,749.0
cine_foto,2018,8,701.1800000000001
artigos_de_natal,2018,8,564.3699999999999
musica,2018,8,497.81
fashion_calcados,2018,8,471.29999999999995
fashion_roupa_masculina,2018,8,381.69
fraldas_higiene,2018,8,231.89
fashion_underwear_e_moda_praia,2018,8,219.9
pc_gamer,2018,8,219.0
fashion_roupa_feminina,2018,8,179.96
fashion_esporte,2018,8,69.9
dvds_blu_ray,2018,8,8.9
moveis_cozinha_area_de_servico_jantar_e_jardim,2018,9,145.0
